{
  "accuracy": 0.8536260811709914,
  "balanced_accuracy": 0.7957038129054059,
  "cohen_kappa": 0.7293171040384683,
  "akiec_precision": 0.7941176470588235,
  "akiec_recall": 0.5510204081632653,
  "akiec_f1": 0.6506024096385542,
  "akiec_support": 49,
  "bcc_precision": 0.8717948717948718,
  "bcc_recall": 0.8831168831168831,
  "bcc_f1": 0.8774193548387097,
  "bcc_support": 77,
  "bkl_precision": 0.6764705882352942,
  "bkl_recall": 0.8363636363636363,
  "bkl_f1": 0.7479674796747967,
  "bkl_support": 165,
  "df_precision": 0.8235294117647058,
  "df_recall": 0.7777777777777778,
  "df_f1": 0.8,
  "df_support": 18,
  "mel_precision": 0.5925925925925926,
  "mel_recall": 0.6706586826347305,
  "mel_f1": 0.6292134831460674,
  "mel_support": 167,
  "nv_precision": 0.9436325678496869,
  "nv_recall": 0.8986083499005965,
  "nv_f1": 0.9205702647657841,
  "nv_support": 1006,
  "vasc_precision": 0.8695652173913043,
  "vasc_recall": 0.9523809523809523,
  "vasc_f1": 0.9090909090909091,
  "vasc_support": 21,
  "macro_precision": 0.7959575566696113,
  "macro_recall": 0.7957038129054059,
  "macro_f1": 0.7906948430221173,
  "weighted_precision": 0.8642710193543854,
  "weighted_recall": 0.8536260811709914,
  "weighted_f1": 0.856632528058478,
  "auc_macro": 0.975112883283256,
  "akiec_auc": 0.9750582488841478,
  "bcc_auc": 0.9947815158193839,
  "bkl_auc": 0.965289667980251,
  "df_auc": 0.9848110736999626,
  "mel_auc": 0.9429882749471118,
  "nv_auc": 0.9636646919289095,
  "vasc_auc": 0.9991967097230255,
  "akiec_sensitivity": 0.5510204081632653,
  "akiec_specificity": 0.9951856946354883,
  "bcc_sensitivity": 0.8831168831168831,
  "bcc_specificity": 0.9929873772791024,
  "bkl_sensitivity": 0.8363636363636363,
  "bkl_specificity": 0.9506726457399103,
  "df_sensitivity": 0.7777777777777778,
  "df_specificity": 0.997979797979798,
  "mel_sensitivity": 0.6706586826347305,
  "mel_specificity": 0.9423652694610778,
  "nv_sensitivity": 0.8986083499005965,
  "nv_specificity": 0.8913480885311871,
  "vasc_sensitivity": 0.9523809523809523,
  "vasc_specificity": 0.9979757085020243,
  "avg_sensitivity": 0.7957038129054059,
  "avg_specificity": 0.9669306545897982,
  "loss": 0.20560075725463436
}